Player,Pos,Age,Tm,Link
Precious Achiuwa,C,23,TOR,https://www.basketball-reference.com/players/a/achiupr01.html
Steven Adams,C,29,MEM,https://www.basketball-reference.com/players/a/adamsst01.html
Bam Adebayo,C,25,MIA,https://www.basketball-reference.com/players/a/adebaba01.html
Ochai Agbaji,SG,22,UTA,https://www.basketball-reference.com/players/a/agbajoc01.html
Santi Aldama,PF,22,MEM,https://www.basketball-reference.com/players/a/aldamsa01.html
Nickeil Alexander-Walker,SG,24,UTA,https://www.basketball-reference.com/players/a/alexani01.html
Grayson Allen,SG,27,MIL,https://www.basketball-reference.com/players/a/allengr01.html
Jarrett Allen,C,24,CLE,https://www.basketball-reference.com/players/a/allenja01.html
Jose Alvarado,PG,24,NOP,https://www.basketball-reference.com/players/a/alvarjo01.html
Kyle Anderson,PF,29,MIN,https://www.basketball-reference.com/players/a/anderky01.html
Giannis Antetokounmpo,PF,28,MIL,https://www.basketball-reference.com/players/a/antetgi01.html
Thanasis Antetokounmpo,SF,30,MIL,https://www.basketball-reference.com/players/a/antetth01.html
Cole Anthony,PG,22,ORL,https://www.basketball-reference.com/players/a/anthoco01.html
OG Anunoby,SF,25,TOR,https://www.basketball-reference.com/players/a/anunoog01.html
Ryan Arcidiacono,PG,28,NYK,https://www.basketball-reference.com/players/a/arcidry01.html
Deni Avdija,SF,22,WAS,https://www.basketball-reference.com/players/a/avdijde01.html
Deandre Ayton,C,24,PHO,https://www.basketball-reference.com/players/a/aytonde01.html
Udoka Azubuike,C,23,UTA,https://www.basketball-reference.com/players/a/azubuud01.html
Marvin Bagley III,PF,23,DET,https://www.basketball-reference.com/players/b/baglema01.html
Patrick Baldwin Jr.,SF,20,GSW,https://www.basketball-reference.com/players/b/baldwpa01.html
LaMelo Ball,PG,21,CHO,https://www.basketball-reference.com/players/b/ballla01.html
Mo Bamba,C,24,ORL,https://www.basketball-reference.com/players/b/bambamo01.html
Paolo Banchero,PF,20,ORL,https://www.basketball-reference.com/players/b/banchpa01.html
Desmond Bane,SG,24,MEM,https://www.basketball-reference.com/players/b/banede01.html
Dalano Banton,PG,23,TOR,https://www.basketball-reference.com/players/b/bantoda01.html
Dominick Barlow,SF,19,SAS,https://www.basketball-reference.com/players/b/barlodo01.html
Harrison Barnes,PF,30,SAC,https://www.basketball-reference.com/players/b/barneha02.html
Scottie Barnes,PF,21,TOR,https://www.basketball-reference.com/players/b/barnesc01.html
RJ Barrett,SG,22,NYK,https://www.basketball-reference.com/players/b/barrerj01.html
Will Barton,SG,32,WAS,https://www.basketball-reference.com/players/b/bartowi01.html
Charles Bassey,C,22,SAS,https://www.basketball-reference.com/players/b/bassech01.html
Keita Bates-Diop,SF,27,SAS,https://www.basketball-reference.com/players/b/bateske01.html
Nicolas Batum,PF,34,LAC,https://www.basketball-reference.com/players/b/batumni01.html
Darius Bazley,PF,22,OKC,https://www.basketball-reference.com/players/b/bazleda01.html
Bradley Beal,SG,29,WAS,https://www.basketball-reference.com/players/b/bealbr01.html
Malik Beasley,SG,26,UTA,https://www.basketball-reference.com/players/b/beaslma01.html
MarJon Beauchamp,SF,22,MIL,https://www.basketball-reference.com/players/b/beaucma01.html
Dāvis Bertāns,PF,30,DAL,https://www.basketball-reference.com/players/b/bertada01.html
Patrick Beverley,PG,34,LAL,https://www.basketball-reference.com/players/b/beverpa01.html
Saddiq Bey,SF,23,DET,https://www.basketball-reference.com/players/b/beysa01.html
Khem Birch,C,30,TOR,https://www.basketball-reference.com/players/b/birchkh01.html
Goga Bitadze,C,23,IND,https://www.basketball-reference.com/players/b/bitadgo01.html
Bismack Biyombo,C,30,PHO,https://www.basketball-reference.com/players/b/biyombi01.html
Buddy Boeheim,PG,23,DET,https://www.basketball-reference.com/players/b/boehebu01.html
Bogdan Bogdanović,SG,30,ATL,https://www.basketball-reference.com/players/b/bogdabo01.html
Bojan Bogdanović,PF,33,DET,https://www.basketball-reference.com/players/b/bogdabo02.html
Bol Bol,PF,23,ORL,https://www.basketball-reference.com/players/b/bolbo01.html
Leandro Bolmaro,SG,22,UTA,https://www.basketball-reference.com/players/b/bolmale01.html
Devin Booker,SG,26,PHO,https://www.basketball-reference.com/players/b/bookede01.html
Brandon Boston Jr.,SG,21,LAC,https://www.basketball-reference.com/players/b/bostobr01.html
Chris Boucher,PF,30,TOR,https://www.basketball-reference.com/players/b/bouchch01.html
James Bouknight,SG,22,CHO,https://www.basketball-reference.com/players/b/bouknja01.html
Tony Bradley,C,25,CHI,https://www.basketball-reference.com/players/b/bradlto01.html
Malaki Branham,SF,19,SAS,https://www.basketball-reference.com/players/b/branhma01.html
Christian Braun,SG,21,DEN,https://www.basketball-reference.com/players/b/braunch01.html
Mikal Bridges,SF,26,PHO,https://www.basketball-reference.com/players/b/bridgmi01.html
Oshae Brissett,SF,24,IND,https://www.basketball-reference.com/players/b/brissos01.html
Malcolm Brogdon,PG,30,BOS,https://www.basketball-reference.com/players/b/brogdma01.html
Dillon Brooks,SG,27,MEM,https://www.basketball-reference.com/players/b/brookdi01.html
Bruce Brown,PG,26,DEN,https://www.basketball-reference.com/players/b/brownbr01.html
Greg Brown III,PF,21,POR,https://www.basketball-reference.com/players/b/browngr01.html
Jaylen Brown,SF,26,BOS,https://www.basketball-reference.com/players/b/brownja02.html
Kendall Brown,SG,19,IND,https://www.basketball-reference.com/players/b/brownke03.html
Moses Brown,C,23,LAC,https://www.basketball-reference.com/players/b/brownmo01.html
Troy Brown Jr.,SF,23,LAL,https://www.basketball-reference.com/players/b/browntr01.html
Jalen Brunson,PG,26,NYK,https://www.basketball-reference.com/players/b/brunsja01.html
Thomas Bryant,C,25,LAL,https://www.basketball-reference.com/players/b/bryanth01.html
Reggie Bullock,SF,31,DAL,https://www.basketball-reference.com/players/b/bullore01.html
Alec Burks,SG,31,DET,https://www.basketball-reference.com/players/b/burksal01.html
Jimmy Butler,SF,33,MIA,https://www.basketball-reference.com/players/b/butleji01.html
John Butler,C,20,POR,https://www.basketball-reference.com/players/b/butlejo01.html
Jamal Cain,SF,23,MIA,https://www.basketball-reference.com/players/c/cainja01.html
Kentavious Caldwell-Pope,SG,29,DEN,https://www.basketball-reference.com/players/c/caldwke01.html
Facundo Campazzo,PG,31,DAL,https://www.basketball-reference.com/players/c/campafa01.html
Vlatko Čančar,PF,25,DEN,https://www.basketball-reference.com/players/c/cancavl01.html
Clint Capela,C,28,ATL,https://www.basketball-reference.com/players/c/capelca01.html
Vernon Carey Jr.,C,21,WAS,https://www.basketball-reference.com/players/c/careyve01.html
Jevon Carter,PG,27,MIL,https://www.basketball-reference.com/players/c/carteje01.html
Wendell Carter Jr.,C,23,ORL,https://www.basketball-reference.com/players/c/cartewe01.html
Alex Caruso,PG,28,CHI,https://www.basketball-reference.com/players/c/carusal01.html
Julian Champagnie,SF,21,PHI,https://www.basketball-reference.com/players/c/champju02.html
Justin Champagnie,SF,21,TOR,https://www.basketball-reference.com/players/c/champju01.html
Kennedy Chandler,PG,20,MEM,https://www.basketball-reference.com/players/c/chandke01.html
Max Christie,SG,19,LAL,https://www.basketball-reference.com/players/c/chrisma02.html
Josh Christopher,SG,21,HOU,https://www.basketball-reference.com/players/c/chrisjo01.html
Brandon Clarke,PF,26,MEM,https://www.basketball-reference.com/players/c/clarkbr01.html
Jordan Clarkson,SG,30,UTA,https://www.basketball-reference.com/players/c/clarkjo01.html
Nic Claxton,C,23,BRK,https://www.basketball-reference.com/players/c/claxtni01.html
Amir Coffey,SG,25,LAC,https://www.basketball-reference.com/players/c/coffeam01.html
John Collins,PF,25,ATL,https://www.basketball-reference.com/players/c/collijo01.html
Zach Collins,PF,25,SAS,https://www.basketball-reference.com/players/c/colliza01.html
Mike Conley,PG,35,UTA,https://www.basketball-reference.com/players/c/conlemi01.html
Pat Connaughton,SG,30,MIL,https://www.basketball-reference.com/players/c/connapa01.html
Robert Covington,PF,32,LAC,https://www.basketball-reference.com/players/c/covinro01.html
Torrey Craig,SF,32,PHO,https://www.basketball-reference.com/players/c/craigto01.html
Jarrett Culver,SG,23,ATL,https://www.basketball-reference.com/players/c/culveja01.html
Cade Cunningham,PG,21,DET,https://www.basketball-reference.com/players/c/cunnica01.html
Seth Curry,SG,32,BRK,https://www.basketball-reference.com/players/c/curryse01.html
Stephen Curry,PG,34,GSW,https://www.basketball-reference.com/players/c/curryst01.html
Dyson Daniels,PG,19,NOP,https://www.basketball-reference.com/players/d/daniedy01.html
Anthony Davis,C,29,LAL,https://www.basketball-reference.com/players/d/davisan02.html
Johnny Davis,SG,20,WAS,https://www.basketball-reference.com/players/d/davisjo06.html
Terence Davis,SG,25,SAC,https://www.basketball-reference.com/players/d/daviste02.html
JD Davison,PG,20,BOS,https://www.basketball-reference.com/players/d/davisjd01.html
Dewayne Dedmon,C,33,MIA,https://www.basketball-reference.com/players/d/dedmode01.html
Matthew Dellavedova,PG,32,SAC,https://www.basketball-reference.com/players/d/dellama01.html
DeMar DeRozan,SF,33,CHI,https://www.basketball-reference.com/players/d/derozde01.html
Moussa Diabaté,PF,21,LAC,https://www.basketball-reference.com/players/d/diabamo01.html
Mamadi Diakite,PF,26,CLE,https://www.basketball-reference.com/players/d/diakima01.html
Hamidou Diallo,SG,24,DET,https://www.basketball-reference.com/players/d/diallha01.html
Gorgui Dieng,C,33,SAS,https://www.basketball-reference.com/players/d/dienggo01.html
Ousmane Dieng,SF,19,OKC,https://www.basketball-reference.com/players/d/diengou01.html
Spencer Dinwiddie,PG,29,DAL,https://www.basketball-reference.com/players/d/dinwisp01.html
Donte DiVincenzo,SG,26,GSW,https://www.basketball-reference.com/players/d/divindo01.html
Luka Dončić,PG,23,DAL,https://www.basketball-reference.com/players/d/doncilu01.html
Tyler Dorsey,SG,26,DAL,https://www.basketball-reference.com/players/d/dorsety01.html
Luguentz Dort,SG,23,OKC,https://www.basketball-reference.com/players/d/dortlu01.html
Ayo Dosunmu,PG,23,CHI,https://www.basketball-reference.com/players/d/dosunay01.html
Devon Dotson,PG,23,WAS,https://www.basketball-reference.com/players/d/dotsode01.html
Jeff Dowtin,PG,25,TOR,https://www.basketball-reference.com/players/d/dowtije01.html
Goran Dragić,PG,36,CHI,https://www.basketball-reference.com/players/d/dragigo01.html
Andre Drummond,C,29,CHI,https://www.basketball-reference.com/players/d/drumman01.html
Chris Duarte,SF,25,IND,https://www.basketball-reference.com/players/d/duartch01.html
David Duke Jr.,SG,23,BRK,https://www.basketball-reference.com/players/d/dukeda01.html
Kevin Durant,PF,34,BRK,https://www.basketball-reference.com/players/d/duranke01.html
Jalen Duren,C,19,DET,https://www.basketball-reference.com/players/d/durenja01.html
Tari Eason,PF,21,HOU,https://www.basketball-reference.com/players/e/easonta01.html
Anthony Edwards,SG,21,MIN,https://www.basketball-reference.com/players/e/edwaran01.html
Kessler Edwards,SF,22,BRK,https://www.basketball-reference.com/players/e/edwarke02.html
Keon Ellis,SG,23,SAC,https://www.basketball-reference.com/players/e/elliske01.html
Joel Embiid,C,28,PHI,https://www.basketball-reference.com/players/e/embiijo01.html
Drew Eubanks,C,25,POR,https://www.basketball-reference.com/players/e/eubandr01.html
Bruno Fernando,C,24,HOU,https://www.basketball-reference.com/players/f/fernabr01.html
Dorian Finney-Smith,PF,29,DAL,https://www.basketball-reference.com/players/f/finnedo01.html
Malachi Flynn,PG,24,TOR,https://www.basketball-reference.com/players/f/flynnma01.html
Simone Fontecchio,SF,27,UTA,https://www.basketball-reference.com/players/f/fontesi01.html
Bryn Forbes,SG,29,MIN,https://www.basketball-reference.com/players/f/forbebr01.html
Trent Forrest,PG,24,ATL,https://www.basketball-reference.com/players/f/forretr01.html
Michael Foster Jr.,PF,20,PHI,https://www.basketball-reference.com/players/f/fostemi02.html
Evan Fournier,SG,30,NYK,https://www.basketball-reference.com/players/f/fournev01.html
De'Aaron Fox,PG,25,SAC,https://www.basketball-reference.com/players/f/foxde01.html
Markelle Fultz,SG,24,ORL,https://www.basketball-reference.com/players/f/fultzma01.html
Wenyen Gabriel,PF,25,LAL,https://www.basketball-reference.com/players/g/gabriwe01.html
Daniel Gafford,C,24,WAS,https://www.basketball-reference.com/players/g/gaffoda01.html
Darius Garland,PG,23,CLE,https://www.basketball-reference.com/players/g/garlada01.html
Usman Garuba,PF,20,HOU,https://www.basketball-reference.com/players/g/garubus01.html
Luka Garza,C,24,MIN,https://www.basketball-reference.com/players/g/garzalu01.html
Rudy Gay,SF,36,UTA,https://www.basketball-reference.com/players/g/gayru01.html
Paul George,SF,32,LAC,https://www.basketball-reference.com/players/g/georgpa01.html
Taj Gibson,PF,37,WAS,https://www.basketball-reference.com/players/g/gibsota01.html
Josh Giddey,SG,20,OKC,https://www.basketball-reference.com/players/g/giddejo01.html
Shai Gilgeous-Alexander,SG,24,OKC,https://www.basketball-reference.com/players/g/gilgesh01.html
Anthony Gill,PF,30,WAS,https://www.basketball-reference.com/players/g/gillan01.html
Rudy Gobert,C,30,MIN,https://www.basketball-reference.com/players/g/goberru01.html
Jordan Goodwin,PG,24,WAS,https://www.basketball-reference.com/players/g/goodwjo01.html
Aaron Gordon,PF,27,DEN,https://www.basketball-reference.com/players/g/gordoaa01.html
Eric Gordon,SG,34,HOU,https://www.basketball-reference.com/players/g/gordoer01.html
Devonte' Graham,PG,27,NOP,https://www.basketball-reference.com/players/g/grahade01.html
Jerami Grant,PF,28,POR,https://www.basketball-reference.com/players/g/grantje01.html
A.J. Green,SG,23,MIL,https://www.basketball-reference.com/players/g/greenaj01.html
Draymond Green,PF,32,GSW,https://www.basketball-reference.com/players/g/greendr01.html
Jalen Green,SG,20,HOU,https://www.basketball-reference.com/players/g/greenja05.html
JaMychal Green,PF,32,GSW,https://www.basketball-reference.com/players/g/greenja01.html
Javonte Green,SG,29,CHI,https://www.basketball-reference.com/players/g/greenja02.html
Jeff Green,PF,36,DEN,https://www.basketball-reference.com/players/g/greenje02.html
Josh Green,SG,22,DAL,https://www.basketball-reference.com/players/g/greenjo02.html
AJ Griffin,SF,19,ATL,https://www.basketball-reference.com/players/g/griffaj01.html
Blake Griffin,PF,33,BOS,https://www.basketball-reference.com/players/g/griffbl01.html
Quentin Grimes,SG,22,NYK,https://www.basketball-reference.com/players/g/grimequ01.html
Rui Hachimura,PF,24,WAS,https://www.basketball-reference.com/players/h/hachiru01.html
Tyrese Haliburton,PG,22,IND,https://www.basketball-reference.com/players/h/halibty01.html
Jordan Hall,SF,21,SAS,https://www.basketball-reference.com/players/h/halljo02.html
R.J. Hampton,PG,21,ORL,https://www.basketball-reference.com/players/h/hamptrj01.html
Tim Hardaway Jr.,SG,30,DAL,https://www.basketball-reference.com/players/h/hardati02.html
James Harden,SG,33,PHI,https://www.basketball-reference.com/players/h/hardeja01.html
Jaden Hardy,SG,20,DAL,https://www.basketball-reference.com/players/h/hardyja02.html
Ron Harper Jr.,SF,22,TOR,https://www.basketball-reference.com/players/h/harpero02.html
Montrezl Harrell,C,29,PHI,https://www.basketball-reference.com/players/h/harremo01.html
Gary Harris,SG,28,ORL,https://www.basketball-reference.com/players/h/harriga01.html
Joe Harris,SG,31,BRK,https://www.basketball-reference.com/players/h/harrijo01.html
Kevon Harris,SG,25,ORL,https://www.basketball-reference.com/players/h/harrike01.html
Tobias Harris,PF,30,PHI,https://www.basketball-reference.com/players/h/harrito02.html
Josh Hart,SG,27,POR,https://www.basketball-reference.com/players/h/hartjo01.html
Isaiah Hartenstein,C,24,NYK,https://www.basketball-reference.com/players/h/harteis01.html
Udonis Haslem,PF,42,MIA,https://www.basketball-reference.com/players/h/hasleud01.html
Sam Hauser,PF,25,BOS,https://www.basketball-reference.com/players/h/hausesa01.html
Jaxson Hayes,C,22,NOP,https://www.basketball-reference.com/players/h/hayesja02.html
Killian Hayes,PG,21,DET,https://www.basketball-reference.com/players/h/hayeski01.html
Gordon Hayward,SF,32,CHO,https://www.basketball-reference.com/players/h/haywago01.html
Juancho Hernangómez,PF,27,TOR,https://www.basketball-reference.com/players/h/hernaju01.html
Willy Hernangómez,C,28,NOP,https://www.basketball-reference.com/players/h/hernawi01.html
Tyler Herro,SG,23,MIA,https://www.basketball-reference.com/players/h/herroty01.html
Buddy Hield,SG,30,IND,https://www.basketball-reference.com/players/h/hieldbu01.html
Haywood Highsmith,SF,26,MIA,https://www.basketball-reference.com/players/h/highsha01.html
George Hill,PG,36,MIL,https://www.basketball-reference.com/players/h/hillge01.html
Malcolm Hill,SF,27,CHI,https://www.basketball-reference.com/players/h/hillma01.html
Aaron Holiday,PG,26,ATL,https://www.basketball-reference.com/players/h/holidaa01.html
Jrue Holiday,PG,32,MIL,https://www.basketball-reference.com/players/h/holidjr01.html
Justin Holiday,SG,33,ATL,https://www.basketball-reference.com/players/h/holidju01.html
Richaun Holmes,PF,29,SAC,https://www.basketball-reference.com/players/h/holmeri01.html
Al Horford,C,36,BOS,https://www.basketball-reference.com/players/h/horfoal01.html
Talen Horton-Tucker,SG,22,UTA,https://www.basketball-reference.com/players/h/hortota01.html
Danuel House Jr.,SF,29,PHI,https://www.basketball-reference.com/players/h/houseda01.html
Caleb Houstan,SF,20,ORL,https://www.basketball-reference.com/players/h/houstca01.html
Trevor Hudgins,PG,23,HOU,https://www.basketball-reference.com/players/h/hudgitr01.html
Kevin Huerter,SG,24,SAC,https://www.basketball-reference.com/players/h/huertke01.html
De'Andre Hunter,SF,25,ATL,https://www.basketball-reference.com/players/h/huntede01.html
Bones Hyland,PG,22,DEN,https://www.basketball-reference.com/players/h/hylanbo01.html
Serge Ibaka,PF,33,MIL,https://www.basketball-reference.com/players/i/ibakase01.html
Joe Ingles,SF,35,MIL,https://www.basketball-reference.com/players/i/inglejo01.html
Brandon Ingram,SF,25,NOP,https://www.basketball-reference.com/players/i/ingrabr01.html
Kyrie Irving,PG,30,BRK,https://www.basketball-reference.com/players/i/irvinky01.html
Jaden Ivey,SG,20,DET,https://www.basketball-reference.com/players/i/iveyja01.html
Isaiah Jackson,PF,21,IND,https://www.basketball-reference.com/players/j/jacksis01.html
Jaren Jackson Jr.,C,23,MEM,https://www.basketball-reference.com/players/j/jacksja02.html
Justin Jackson,SF,27,BOS,https://www.basketball-reference.com/players/j/jacksju01.html
Reggie Jackson,PG,32,LAC,https://www.basketball-reference.com/players/j/jacksre01.html
LeBron James,PF,38,LAL,https://www.basketball-reference.com/players/j/jamesle01.html
Ty Jerome,SG,25,GSW,https://www.basketball-reference.com/players/j/jeromty01.html
Isaiah Joe,SG,23,OKC,https://www.basketball-reference.com/players/j/joeis01.html
Alize Johnson,PF,26,SAS,https://www.basketball-reference.com/players/j/johnsal02.html
Cameron Johnson,PF,26,PHO,https://www.basketball-reference.com/players/j/johnsca02.html
Jalen Johnson,SF,21,ATL,https://www.basketball-reference.com/players/j/johnsja05.html
James Johnson,PF,35,IND,https://www.basketball-reference.com/players/j/johnsja01.html
Keldon Johnson,SF,23,SAS,https://www.basketball-reference.com/players/j/johnske04.html
Keon Johnson,SG,20,POR,https://www.basketball-reference.com/players/j/johnske07.html
Stanley Johnson,SF,26,SAS,https://www.basketball-reference.com/players/j/johnsst04.html
Nikola Jokić,C,27,DEN,https://www.basketball-reference.com/players/j/jokicni01.html
Damian Jones,C,27,LAL,https://www.basketball-reference.com/players/j/jonesda03.html
Derrick Jones Jr.,SF,25,CHI,https://www.basketball-reference.com/players/j/jonesde02.html
Herbert Jones,SF,24,NOP,https://www.basketball-reference.com/players/j/joneshe01.html
Kai Jones,C,22,CHO,https://www.basketball-reference.com/players/j/joneska01.html
Tre Jones,PG,23,SAS,https://www.basketball-reference.com/players/j/jonestr01.html
Tyus Jones,PG,26,MEM,https://www.basketball-reference.com/players/j/jonesty01.html
DeAndre Jordan,C,34,DEN,https://www.basketball-reference.com/players/j/jordade01.html
Cory Joseph,PG,31,DET,https://www.basketball-reference.com/players/j/josepco01.html
Nikola Jović,PF,19,MIA,https://www.basketball-reference.com/players/j/jovicni01.html
Mfiondu Kabengele,PF,25,BOS,https://www.basketball-reference.com/players/k/kabenmf01.html
Frank Kaminsky,C,29,ATL,https://www.basketball-reference.com/players/k/kaminfr01.html
Trevor Keels,SG,19,NYK,https://www.basketball-reference.com/players/k/keelstr01.html
Luke Kennard,SG,26,LAC,https://www.basketball-reference.com/players/k/kennalu01.html
Walker Kessler,C,21,UTA,https://www.basketball-reference.com/players/k/kesslwa01.html
Braxton Key,SF,25,DET,https://www.basketball-reference.com/players/k/keybr01.html
Corey Kispert,SF,23,WAS,https://www.basketball-reference.com/players/k/kispeco01.html
Maxi Kleber,C,31,DAL,https://www.basketball-reference.com/players/k/klebima01.html
Nathan Knight,PF,25,MIN,https://www.basketball-reference.com/players/k/knighna01.html
Kevin Knox,SF,23,DET,https://www.basketball-reference.com/players/k/knoxke01.html
Christian Koloko,C,22,TOR,https://www.basketball-reference.com/players/k/kolokch01.html
John Konchar,SG,26,MEM,https://www.basketball-reference.com/players/k/konchjo01.html
Furkan Korkmaz,SG,25,PHI,https://www.basketball-reference.com/players/k/korkmfu01.html
Luke Kornet,C,27,BOS,https://www.basketball-reference.com/players/k/kornelu01.html
Vit Krejci,PG,22,ATL,https://www.basketball-reference.com/players/k/krejcvi01.html
Jonathan Kuminga,PF,20,GSW,https://www.basketball-reference.com/players/k/kuminjo01.html
Kyle Kuzma,PF,27,WAS,https://www.basketball-reference.com/players/k/kuzmaky01.html
Anthony Lamb,SF,25,GSW,https://www.basketball-reference.com/players/l/lamban01.html
Jock Landale,C,27,PHO,https://www.basketball-reference.com/players/l/landajo01.html
Romeo Langford,SG,23,SAS,https://www.basketball-reference.com/players/l/langfro01.html
Jake LaRavia,PF,21,MEM,https://www.basketball-reference.com/players/l/laravja01.html
Zach LaVine,SG,27,CHI,https://www.basketball-reference.com/players/l/lavinza01.html
A.J. Lawson,SG,22,TOT,https://www.basketball-reference.com/players/l/lawsoaj01.html
A.J. Lawson,SG,22,MIN,https://www.basketball-reference.com/players/l/lawsoaj01.html
A.J. Lawson,SG,22,DAL,https://www.basketball-reference.com/players/l/lawsoaj01.html
Damion Lee,SG,30,PHO,https://www.basketball-reference.com/players/l/leeda03.html
Saben Lee,PG,23,PHI,https://www.basketball-reference.com/players/l/leesa01.html
Alex Len,C,29,SAC,https://www.basketball-reference.com/players/l/lenal01.html
Kawhi Leonard,SF,31,LAC,https://www.basketball-reference.com/players/l/leonaka01.html
Caris LeVert,SG,28,CLE,https://www.basketball-reference.com/players/l/leverca01.html
Kira Lewis Jr.,PG,21,NOP,https://www.basketball-reference.com/players/l/lewiski01.html
Damian Lillard,PG,32,POR,https://www.basketball-reference.com/players/l/lillada01.html
Nassir Little,PF,22,POR,https://www.basketball-reference.com/players/l/littlna01.html
Isaiah Livers,PF,24,DET,https://www.basketball-reference.com/players/l/liveris01.html
Kenneth Lofton Jr.,PF,20,MEM,https://www.basketball-reference.com/players/l/loftoke01.html
Kevon Looney,C,26,GSW,https://www.basketball-reference.com/players/l/looneke01.html
Brook Lopez,C,34,MIL,https://www.basketball-reference.com/players/l/lopezbr01.html
Robin Lopez,C,34,CLE,https://www.basketball-reference.com/players/l/lopezro01.html
Kevin Love,PF,34,CLE,https://www.basketball-reference.com/players/l/loveke01.html
Kyle Lowry,PG,36,MIA,https://www.basketball-reference.com/players/l/lowryky01.html
Trey Lyles,PF,27,SAC,https://www.basketball-reference.com/players/l/lylestr01.html
Théo Maledon,PG,21,CHO,https://www.basketball-reference.com/players/m/maledth01.html
Sandro Mamukelashvili,C,23,MIL,https://www.basketball-reference.com/players/m/mamuksa01.html
Terance Mann,SG,26,LAC,https://www.basketball-reference.com/players/m/mannte01.html
Tre Mann,PG,21,OKC,https://www.basketball-reference.com/players/m/manntr01.html
Boban Marjanović,C,34,HOU,https://www.basketball-reference.com/players/m/marjabo01.html
Lauri Markkanen,SF,25,UTA,https://www.basketball-reference.com/players/m/markkla01.html
Naji Marshall,SF,25,NOP,https://www.basketball-reference.com/players/m/marshna01.html
Caleb Martin,PF,27,MIA,https://www.basketball-reference.com/players/m/martica02.html
Cody Martin,SF,27,CHO,https://www.basketball-reference.com/players/m/martico01.html
Kenyon Martin Jr.,SF,22,HOU,https://www.basketball-reference.com/players/m/martike04.html
Tyrese Martin,SG,23,ATL,https://www.basketball-reference.com/players/m/martity01.html
Garrison Mathews,SG,26,HOU,https://www.basketball-reference.com/players/m/mathega01.html
Bennedict Mathurin,SG,20,IND,https://www.basketball-reference.com/players/m/mathube01.html
Wesley Matthews,SG,36,MIL,https://www.basketball-reference.com/players/m/matthwe02.html
Tyrese Maxey,SG,22,PHI,https://www.basketball-reference.com/players/m/maxeyty01.html
Miles McBride,PG,22,NYK,https://www.basketball-reference.com/players/m/mcbrimi01.html
CJ McCollum,SG,31,NOP,https://www.basketball-reference.com/players/m/mccolcj01.html
T.J. McConnell,PG,30,IND,https://www.basketball-reference.com/players/m/mccontj01.html
Jaden McDaniels,PF,22,MIN,https://www.basketball-reference.com/players/m/mcdanja02.html
Jalen McDaniels,SF,25,CHO,https://www.basketball-reference.com/players/m/mcdanja01.html
Doug McDermott,SF,31,SAS,https://www.basketball-reference.com/players/m/mcderdo01.html
JaVale McGee,C,35,DAL,https://www.basketball-reference.com/players/m/mcgeeja01.html
Bryce McGowens,SG,20,CHO,https://www.basketball-reference.com/players/m/mcgowbr01.html
Rodney McGruder,SG,31,DET,https://www.basketball-reference.com/players/m/mcgruro01.html
Jordan McLaughlin,PG,26,MIN,https://www.basketball-reference.com/players/m/mclaujo01.html
De'Anthony Melton,PG,24,PHI,https://www.basketball-reference.com/players/m/meltode01.html
Chimezie Metu,C,25,SAC,https://www.basketball-reference.com/players/m/metuch01.html
Khris Middleton,SF,31,MIL,https://www.basketball-reference.com/players/m/middlkh01.html
Patty Mills,PG,34,BRK,https://www.basketball-reference.com/players/m/millspa02.html
Shake Milton,SG,26,PHI,https://www.basketball-reference.com/players/m/miltosh01.html
Josh Minott,SF,20,MIN,https://www.basketball-reference.com/players/m/minotjo01.html
Davion Mitchell,PG,24,SAC,https://www.basketball-reference.com/players/m/mitchda01.html
Donovan Mitchell,SG,26,CLE,https://www.basketball-reference.com/players/m/mitchdo01.html
Evan Mobley,PF,21,CLE,https://www.basketball-reference.com/players/m/mobleev01.html
Isaiah Mobley,PF,23,CLE,https://www.basketball-reference.com/players/m/mobleis01.html
Chima Moneke,SF,27,SAC,https://www.basketball-reference.com/players/m/monekch01.html
Malik Monk,SG,24,SAC,https://www.basketball-reference.com/players/m/monkma01.html
Moses Moody,SG,20,GSW,https://www.basketball-reference.com/players/m/moodymo01.html
Wendell Moore Jr.,SG,21,MIN,https://www.basketball-reference.com/players/m/moorewe01.html
Ja Morant,PG,23,MEM,https://www.basketball-reference.com/players/m/moranja01.html
Marcus Morris,PF,33,LAC,https://www.basketball-reference.com/players/m/morrima03.html
Markieff Morris,PF,33,BRK,https://www.basketball-reference.com/players/m/morrima02.html
Monte Morris,PG,27,WAS,https://www.basketball-reference.com/players/m/morrimo01.html
Trey Murphy III,SF,22,NOP,https://www.basketball-reference.com/players/m/murphtr02.html
Dejounte Murray,SG,26,ATL,https://www.basketball-reference.com/players/m/murrade01.html
Jamal Murray,PG,25,DEN,https://www.basketball-reference.com/players/m/murraja01.html
Keegan Murray,SF,22,SAC,https://www.basketball-reference.com/players/m/murrake02.html
Mike Muscala,C,31,OKC,https://www.basketball-reference.com/players/m/muscami01.html
Svi Mykhailiuk,SF,25,NYK,https://www.basketball-reference.com/players/m/mykhasv01.html
Larry Nance Jr.,PF,30,NOP,https://www.basketball-reference.com/players/n/nancela02.html
Andrew Nembhard,SG,23,IND,https://www.basketball-reference.com/players/n/nembhan01.html
Aaron Nesmith,SF,23,IND,https://www.basketball-reference.com/players/n/nesmiaa01.html
Raul Neto,PG,30,CLE,https://www.basketball-reference.com/players/n/netora01.html
Georges Niang,PF,29,PHI,https://www.basketball-reference.com/players/n/niangge01.html
Daishen Nix,PG,20,HOU,https://www.basketball-reference.com/players/n/nixda01.html
Zeke Nnaji,PF,22,DEN,https://www.basketball-reference.com/players/n/nnajize01.html
Nerlens Noel,C,28,DET,https://www.basketball-reference.com/players/n/noelne01.html
Jaylen Nowell,SG,23,MIN,https://www.basketball-reference.com/players/n/nowelja01.html
Frank Ntilikina,PG,24,DAL,https://www.basketball-reference.com/players/n/ntilila01.html
Kendrick Nunn,PG,27,LAL,https://www.basketball-reference.com/players/n/nunnke01.html
Jusuf Nurkić,C,28,POR,https://www.basketball-reference.com/players/n/nurkiju01.html
Jordan Nwora,SF,24,MIL,https://www.basketball-reference.com/players/n/nworajo01.html
Royce O'Neale,SF,29,BRK,https://www.basketball-reference.com/players/o/onealro01.html
Chuma Okeke,PF,24,ORL,https://www.basketball-reference.com/players/o/okekech01.html
Josh Okogie,SG,24,PHO,https://www.basketball-reference.com/players/o/okogijo01.html
Onyeka Okongwu,C,22,ATL,https://www.basketball-reference.com/players/o/okongon01.html
Isaac Okoro,SG,22,CLE,https://www.basketball-reference.com/players/o/okorois01.html
KZ Okpala,PF,23,SAC,https://www.basketball-reference.com/players/o/okpalkz01.html
Victor Oladipo,SG,30,MIA,https://www.basketball-reference.com/players/o/oladivi01.html
Kelly Olynyk,PF,31,UTA,https://www.basketball-reference.com/players/o/olynyke01.html
Eugene Omoruyi,SF,25,OKC,https://www.basketball-reference.com/players/o/omorueu01.html
Cedi Osman,SF,27,CLE,https://www.basketball-reference.com/players/o/osmande01.html
Kelly Oubre Jr.,SF,27,CHO,https://www.basketball-reference.com/players/o/oubreke01.html
Chris Paul,PG,37,PHO,https://www.basketball-reference.com/players/p/paulch01.html
Cameron Payne,PG,28,PHO,https://www.basketball-reference.com/players/p/payneca01.html
Gary Payton II,PG,30,POR,https://www.basketball-reference.com/players/p/paytoga02.html
Theo Pinson,SG,27,DAL,https://www.basketball-reference.com/players/p/pinsoth01.html
Scotty Pippen Jr.,PG,22,LAL,https://www.basketball-reference.com/players/p/pippesc02.html
Mason Plumlee,C,32,CHO,https://www.basketball-reference.com/players/p/plumlma01.html
Jakob Poeltl,C,27,SAS,https://www.basketball-reference.com/players/p/poeltja01.html
Aleksej Pokusevski,PF,21,OKC,https://www.basketball-reference.com/players/p/pokusal01.html
Jordan Poole,SG,23,GSW,https://www.basketball-reference.com/players/p/poolejo01.html
Kevin Porter Jr.,PG,22,HOU,https://www.basketball-reference.com/players/p/porteke02.html
Michael Porter Jr.,SF,24,DEN,https://www.basketball-reference.com/players/p/portemi01.html
Otto Porter Jr.,SF,29,TOR,https://www.basketball-reference.com/players/p/porteot01.html
Bobby Portis,PF,27,MIL,https://www.basketball-reference.com/players/p/portibo01.html
Kristaps Porziņģis,PF,27,WAS,https://www.basketball-reference.com/players/p/porzikr01.html
Micah Potter,PF,24,UTA,https://www.basketball-reference.com/players/p/pottemi01.html
Dwight Powell,C,31,DAL,https://www.basketball-reference.com/players/p/poweldw01.html
Norman Powell,SG,29,LAC,https://www.basketball-reference.com/players/p/powelno01.html
Jason Preston,PG,23,LAC,https://www.basketball-reference.com/players/p/prestja01.html
Joshua Primo,SG,20,SAS,https://www.basketball-reference.com/players/p/primojo01.html
Taurean Prince,SF,28,MIN,https://www.basketball-reference.com/players/p/princta02.html
Payton Pritchard,PG,25,BOS,https://www.basketball-reference.com/players/p/pritcpa01.html
Trevelin Queen,PG,25,IND,https://www.basketball-reference.com/players/q/queentr01.html
Neemias Queta,C,23,SAC,https://www.basketball-reference.com/players/q/quetane01.html
Immanuel Quickley,PG,23,NYK,https://www.basketball-reference.com/players/q/quickim01.html
Julius Randle,PF,28,NYK,https://www.basketball-reference.com/players/r/randlju01.html
Austin Reaves,SG,24,LAL,https://www.basketball-reference.com/players/r/reaveau01.html
Cam Reddish,SF,23,NYK,https://www.basketball-reference.com/players/r/reddica01.html
Davon Reed,SG,27,DEN,https://www.basketball-reference.com/players/r/reedda01.html
Paul Reed,C,23,PHI,https://www.basketball-reference.com/players/r/reedpa01.html
Naz Reid,C,23,MIN,https://www.basketball-reference.com/players/r/reidna01.html
Nick Richards,C,25,CHO,https://www.basketball-reference.com/players/r/richani01.html
Josh Richardson,SG,29,SAS,https://www.basketball-reference.com/players/r/richajo01.html
Austin Rivers,SG,30,MIN,https://www.basketball-reference.com/players/r/riverau01.html
Duncan Robinson,SF,28,MIA,https://www.basketball-reference.com/players/r/robindu01.html
Mitchell Robinson,C,24,NYK,https://www.basketball-reference.com/players/r/robinmi01.html
Orlando Robinson,C,22,MIA,https://www.basketball-reference.com/players/r/robinor01.html
Jeremiah Robinson-Earl,PF,22,OKC,https://www.basketball-reference.com/players/r/robinje02.html
Isaiah Roby,PF,24,SAS,https://www.basketball-reference.com/players/r/robyis01.html
David Roddy,PF,21,MEM,https://www.basketball-reference.com/players/r/roddyda01.html
Ryan Rollins,PG,20,GSW,https://www.basketball-reference.com/players/r/rolliry01.html
Derrick Rose,PG,34,NYK,https://www.basketball-reference.com/players/r/rosede01.html
Terrence Ross,SG,31,ORL,https://www.basketball-reference.com/players/r/rosste01.html
Terry Rozier,PG,28,CHO,https://www.basketball-reference.com/players/r/roziete01.html
D'Angelo Russell,PG,26,MIN,https://www.basketball-reference.com/players/r/russeda01.html
Matt Ryan,SF,25,TOT,https://www.basketball-reference.com/players/r/ryanma01.html
Matt Ryan,SF,25,LAL,https://www.basketball-reference.com/players/r/ryanma01.html
Matt Ryan,SF,25,MIN,https://www.basketball-reference.com/players/r/ryanma01.html
Domantas Sabonis,PF,26,SAC,https://www.basketball-reference.com/players/s/sabondo01.html
Dario Šarić,PF,28,PHO,https://www.basketball-reference.com/players/s/saricda01.html
Jordan Schakel,SF,24,WAS,https://www.basketball-reference.com/players/s/schakjo01.html
Admiral Schofield,PF,25,ORL,https://www.basketball-reference.com/players/s/schofad01.html
Dennis Schröder,PG,29,LAL,https://www.basketball-reference.com/players/s/schrode01.html
Dereon Seabron,SG,22,NOP,https://www.basketball-reference.com/players/s/seabrde01.html
Alperen Şengün,C,20,HOU,https://www.basketball-reference.com/players/s/sengual01.html
Collin Sexton,SG,24,UTA,https://www.basketball-reference.com/players/s/sextoco01.html
Landry Shamet,SG,25,PHO,https://www.basketball-reference.com/players/s/shamela01.html
Day'Ron Sharpe,C,21,BRK,https://www.basketball-reference.com/players/s/sharpda01.html
Shaedon Sharpe,SG,19,POR,https://www.basketball-reference.com/players/s/sharpsh01.html
Pascal Siakam,C,28,TOR,https://www.basketball-reference.com/players/s/siakapa01.html
Ben Simmons,PG,26,BRK,https://www.basketball-reference.com/players/s/simmobe01.html
Marko Simonovic,C,23,CHI,https://www.basketball-reference.com/players/s/simonma01.html
Anfernee Simons,SG,23,POR,https://www.basketball-reference.com/players/s/simonan01.html
Jericho Sims,C,24,NYK,https://www.basketball-reference.com/players/s/simsje01.html
Marcus Smart,PG,28,BOS,https://www.basketball-reference.com/players/s/smartma01.html
Dennis Smith Jr.,PG,25,CHO,https://www.basketball-reference.com/players/s/smithde03.html
Dru Smith,SG,25,MIA,https://www.basketball-reference.com/players/s/smithdr01.html
Ish Smith,PG,34,DEN,https://www.basketball-reference.com/players/s/smithis01.html
Jabari Smith Jr.,PF,19,HOU,https://www.basketball-reference.com/players/s/smithja05.html
Jalen Smith,PF,22,IND,https://www.basketball-reference.com/players/s/smithja04.html
Jeremy Sochan,PF,19,SAS,https://www.basketball-reference.com/players/s/sochaje01.html
Jaden Springer,PG,20,PHI,https://www.basketball-reference.com/players/s/sprinja01.html
Lamar Stevens,PF,25,CLE,https://www.basketball-reference.com/players/s/stevela01.html
Isaiah Stewart,C,21,DET,https://www.basketball-reference.com/players/s/stewais01.html
Max Strus,SF,26,MIA,https://www.basketball-reference.com/players/s/strusma01.html
Jalen Suggs,PG,21,ORL,https://www.basketball-reference.com/players/s/suggsja01.html
Edmond Sumner,SG,27,BRK,https://www.basketball-reference.com/players/s/sumneed01.html
Cole Swider,SF,23,LAL,https://www.basketball-reference.com/players/s/swideco01.html
Jae'Sean Tate,SF,27,HOU,https://www.basketball-reference.com/players/t/tateja01.html
Jayson Tatum,PF,24,BOS,https://www.basketball-reference.com/players/t/tatumja01.html
Terry Taylor,SG,23,IND,https://www.basketball-reference.com/players/t/taylote01.html
Garrett Temple,SG,36,NOP,https://www.basketball-reference.com/players/t/templga01.html
Dalen Terry,SG,20,CHI,https://www.basketball-reference.com/players/t/terryda01.html
Cam Thomas,SG,21,BRK,https://www.basketball-reference.com/players/t/thomaca02.html
Klay Thompson,SG,32,GSW,https://www.basketball-reference.com/players/t/thompkl01.html
JT Thor,PF,20,CHO,https://www.basketball-reference.com/players/t/thorjt01.html
Matisse Thybulle,SG,25,PHI,https://www.basketball-reference.com/players/t/thybuma01.html
Xavier Tillman Sr.,PF,24,MEM,https://www.basketball-reference.com/players/t/tillmxa01.html
Isaiah Todd,PF,21,WAS,https://www.basketball-reference.com/players/t/toddis01.html
Obi Toppin,PF,24,NYK,https://www.basketball-reference.com/players/t/toppiob01.html
Juan Toscano-Anderson,SF,29,LAL,https://www.basketball-reference.com/players/t/toscaju01.html
Karl-Anthony Towns,PF,27,MIN,https://www.basketball-reference.com/players/t/townska01.html
Gary Trent Jr.,SG,24,TOR,https://www.basketball-reference.com/players/t/trentga02.html
P.J. Tucker,PF,37,PHI,https://www.basketball-reference.com/players/t/tuckepj01.html
Myles Turner,C,26,IND,https://www.basketball-reference.com/players/t/turnemy01.html
Jonas Valančiūnas,C,30,NOP,https://www.basketball-reference.com/players/v/valanjo01.html
Jarred Vanderbilt,PF,23,UTA,https://www.basketball-reference.com/players/v/vandeja01.html
Fred VanVleet,PG,28,TOR,https://www.basketball-reference.com/players/v/vanvlfr01.html
Devin Vassell,SG,22,SAS,https://www.basketball-reference.com/players/v/vassede01.html
Gabe Vincent,PG,26,MIA,https://www.basketball-reference.com/players/v/vincega01.html
Noah Vonleh,C,27,BOS,https://www.basketball-reference.com/players/v/vonleno01.html
Nikola Vučević,C,32,CHI,https://www.basketball-reference.com/players/v/vucevni01.html
Dean Wade,PF,26,CLE,https://www.basketball-reference.com/players/w/wadede01.html
Franz Wagner,SF,21,ORL,https://www.basketball-reference.com/players/w/wagnefr01.html
Moritz Wagner,C,25,ORL,https://www.basketball-reference.com/players/w/wagnemo01.html
Ish Wainright,SF,28,PHO,https://www.basketball-reference.com/players/w/wainris01.html
Jabari Walker,SF,20,POR,https://www.basketball-reference.com/players/w/walkeja01.html
Kemba Walker,PG,32,DAL,https://www.basketball-reference.com/players/w/walkeke02.html
Lonnie Walker IV,SG,24,LAL,https://www.basketball-reference.com/players/w/walkelo01.html
John Wall,PG,32,LAC,https://www.basketball-reference.com/players/w/walljo01.html
T.J. Warren,SF,29,BRK,https://www.basketball-reference.com/players/w/warretj01.html
Duane Washington Jr.,SG,22,PHO,https://www.basketball-reference.com/players/w/washidu02.html
P.J. Washington,PF,24,CHO,https://www.basketball-reference.com/players/w/washipj01.html
TyTy Washington Jr.,PG,21,HOU,https://www.basketball-reference.com/players/w/washity02.html
Yuta Watanabe,SF,28,BRK,https://www.basketball-reference.com/players/w/watanyu01.html
Lindy Waters III,SG,25,OKC,https://www.basketball-reference.com/players/w/waterli01.html
Trendon Watford,PF,22,POR,https://www.basketball-reference.com/players/w/watfotr01.html
Peyton Watson,SG,20,DEN,https://www.basketball-reference.com/players/w/watsope01.html
Blake Wesley,SG,19,SAS,https://www.basketball-reference.com/players/w/weslebl01.html
Russell Westbrook,PG,34,LAL,https://www.basketball-reference.com/players/w/westbru01.html
Coby White,PG,22,CHI,https://www.basketball-reference.com/players/w/whiteco01.html
Derrick White,SG,28,BOS,https://www.basketball-reference.com/players/w/whitede01.html
Jack White,SF,25,DEN,https://www.basketball-reference.com/players/w/whiteja03.html
Aaron Wiggins,SG,24,OKC,https://www.basketball-reference.com/players/w/wiggiaa01.html
Andrew Wiggins,SF,27,GSW,https://www.basketball-reference.com/players/w/wiggian01.html
Alondes Williams,SG,23,BRK,https://www.basketball-reference.com/players/w/willial06.html
Grant Williams,PF,24,BOS,https://www.basketball-reference.com/players/w/willigr01.html
Jalen Williams,SG,21,OKC,https://www.basketball-reference.com/players/w/willija06.html
Jaylin Williams,PF,20,OKC,https://www.basketball-reference.com/players/w/willija07.html
Kenrich Williams,PF,28,OKC,https://www.basketball-reference.com/players/w/willike04.html
Mark Williams,C,21,CHO,https://www.basketball-reference.com/players/w/willima07.html
Patrick Williams,PF,21,CHI,https://www.basketball-reference.com/players/w/willipa01.html
Robert Williams,C,25,BOS,https://www.basketball-reference.com/players/w/williro04.html
Vince Williams Jr.,SG,22,MEM,https://www.basketball-reference.com/players/w/willivi01.html
Ziaire Williams,SF,21,MEM,https://www.basketball-reference.com/players/w/willizi02.html
Zion Williamson,PF,22,NOP,https://www.basketball-reference.com/players/w/willizi01.html
Justise Winslow,SF,26,POR,https://www.basketball-reference.com/players/w/winslju01.html
James Wiseman,C,21,GSW,https://www.basketball-reference.com/players/w/wisemja01.html
Christian Wood,PF,27,DAL,https://www.basketball-reference.com/players/w/woodch01.html
Delon Wright,PG,30,WAS,https://www.basketball-reference.com/players/w/wrighde01.html
McKinley Wright IV,PG,24,DAL,https://www.basketball-reference.com/players/w/wrighmc01.html
Thaddeus Young,PF,34,TOR,https://www.basketball-reference.com/players/y/youngth01.html
Trae Young,PG,24,ATL,https://www.basketball-reference.com/players/y/youngtr01.html
Ivica Zubac,C,25,LAC,https://www.basketball-reference.com/players/z/zubaciv01.html
